,Pair,Sharpe,return,HalfLife,P-Value,Num_Trades
0,MSFT-AAPL,2.999399750088841,0.5074435705311591,9.571496540222002,0.04231614055228734,11
3,NVDA-META,1.3213942067568287,0.08295962098791843,7.039256619953834,0.04004985044648671,7
2,GOOG-BRK.B,0.682359687120147,0.061364917568402344,10.056834223715617,0.049457380358813495,6
1,BRK.B-AMZN,0.24884291750038526,0.03142999752767528,7.240764372000574,0.03340548691605161,6
